{
    "yock": {
        "timestamp": 1684928235.9546745,
        "tag": ""
    },
    "opencmd": {
        "timestamp": 1684928235.9546745,
        "tag": ""
    },
    "_meta": {
        "version": 2,
        "timestamp": 1684928240.7891493
    }
}