{
    "yock": {
        "timestamp": 1684928302.416407,
        "tag": ""
    },
    "opencmd": {
        "timestamp": 1684928302.416407,
        "tag": ""
    },
    "_meta": {
        "version": 3,
        "timestamp": 1684928240.7891493
    }
}